sciName,comName
Tinamus tao,Gray Tinamou
Tinamus major,Great Tinamou
Tinamus guttatus,White-throated Tinamou
Crypturellus cinereus,Cinereous Tinamou
Crypturellus soui,Little Tinamou
Crypturellus undulatus,Undulated Tinamou
Crypturellus strigulosus,Brazilian Tinamou
Crypturellus duidae,Gray-legged Tinamou
Crypturellus erythropus,Red-legged Tinamou
Crypturellus atrocapillus,Black-capped Tinamou
Crypturellus variegatus,Variegated Tinamou
Crypturellus bartletti,Bartlett's Tinamou
Crypturellus parvirostris,Small-billed Tinamou
Rhynchotus rufescens,Red-winged Tinamou
Anhima cornuta,Horned Screamer
Dendrocygna viduata,White-faced Whistling-Duck
Dendrocygna autumnalis,Black-bellied Whistling-Duck
Oressochen jubatus,Orinoco Goose
Cairina moschata,Muscovy Duck
Amazonetta brasiliensis,Brazilian Teal
Anas platyrhynchos,Mallard
Ortalis guttata,Speckled Chachalaca
Ortalis motmot,Variable Chachalaca
Penelope marail,Marail Guan
Penelope superciliaris,Rusty-margined Guan
Penelope jacquacu,Spix's Guan
Pipile cumanensis,Blue-throated Piping-Guan
Pipile cujubi,Red-throated Piping-Guan
Nothocrax urumutum,Nocturnal Curassow
Mitu tomentosum,Crestless Curassow
Mitu tuberosum,Razor-billed Curassow
Crax alector,Black Curassow
Numida meleagris,Helmeted Guineafowl
Odontophorus gujanensis,Marbled Wood-Quail
Odontophorus stellatus,Starred Wood-Quail
Gallus gallus,Red Junglefowl
Tachybaptus dominicus,Least Grebe
Columba livia,Rock Pigeon
Patagioenas cayennensis,Pale-vented Pigeon
Patagioenas speciosa,Scaled Pigeon
Patagioenas picazuro,Picazuro Pigeon
Patagioenas plumbea,Plumbeous Pigeon
Patagioenas subvinacea,Ruddy Pigeon
Columbina passerina,Common Ground Dove
Columbina minuta,Plain-breasted Ground Dove
Columbina talpacoti,Ruddy Ground Dove
Claravis pretiosa,Blue Ground Dove
Geotrygon montana,Ruddy Quail-Dove
Leptotila verreauxi,White-tipped Dove
Leptotila rufaxilla,Gray-fronted Dove
Zenaida auriculata,Eared Dove
Guira guira,Guira Cuckoo
Crotophaga major,Greater Ani
Crotophaga ani,Smooth-billed Ani
Tapera naevia,Striped Cuckoo
Dromococcyx phasianellus,Pheasant Cuckoo
Dromococcyx pavoninus,Pavonine Cuckoo
Neomorphus geoffroyi,Rufous-vented Ground-Cuckoo
Coccycua minuta,Little Cuckoo
Coccycua cinerea,Ash-colored Cuckoo
Piaya cayana,Squirrel Cuckoo
Piaya melanogaster,Black-bellied Cuckoo
Coccyzus melacoryphus,Dark-billed Cuckoo
Coccyzus americanus,Yellow-billed Cuckoo
Coccyzus euleri,Pearly-breasted Cuckoo
Chordeiles nacunda,Nacunda Nighthawk
Chordeiles pusillus,Least Nighthawk
Chordeiles acutipennis,Lesser Nighthawk
Chordeiles minor,Common Nighthawk
Lurocalis semitorquatus,Short-tailed Nighthawk
Nyctiprogne leucopyga,Band-tailed Nighthawk
Nyctipolus nigrescens,Blackish Nightjar
Nyctidromus albicollis,Common Pauraque
Setopagis parvula,Little Nightjar
Hydropsalis cayennensis,White-tailed Nightjar
Hydropsalis maculicaudus,Spot-tailed Nightjar
Hydropsalis climacocerca,Ladder-tailed Nightjar
Hydropsalis torquata,Scissor-tailed Nightjar
Nyctiphrynus ocellatus,Ocellated Poorwill
Antrostomus rufus,Rufous Nightjar
Nyctibius grandis,Great Potoo
Nyctibius aethereus,Long-tailed Potoo
Nyctibius griseus,Common Potoo
Nyctibius leucopterus,White-winged Potoo
Cypseloides niger,Black Swift
Streptoprocne zonaris,White-collared Swift
Chaetura cinereiventris,Gray-rumped Swift
Chaetura spinicaudus,Band-rumped Swift
Chaetura pelagica,Chimney Swift
Chaetura chapmani,Chapman's Swift
Chaetura brachyura,Short-tailed Swift
Tachornis squamata,Fork-tailed Palm Swift
Topaza pella,Crimson Topaz
Topaza pyra,Fiery Topaz
Florisuga mellivora,White-necked Jacobin
Glaucis hirsutus,Rufous-breasted Hermit
Threnetes leucurus,Pale-tailed Barbthroat
Phaethornis hispidus,White-bearded Hermit
Phaethornis bourcieri,Straight-billed Hermit
Phaethornis superciliosus,Long-tailed Hermit
Phaethornis malaris,Great-billed Hermit
Phaethornis rupurumii,Streak-throated Hermit
Phaethornis atrimentalis,Black-throated Hermit
Phaethornis ruber,Reddish Hermit
Heliothryx auritus,Black-eared Fairy
Polytmus theresiae,Green-tailed Goldenthroat
Chrysolampis mosquitus,Ruby-topaz Hummingbird
Anthracothorax nigricollis,Black-throated Mango
Heliomaster longirostris,Long-billed Starthroat
Chlorostilbon mellisugus,Blue-tailed Emerald
Campylopterus largipennis,Gray-breasted Sabrewing
Thalurania furcata,Fork-tailed Woodnymph
Eupetomena macroura,Swallow-tailed Hummingbird
Talaphorus chlorocercus,Olive-spotted Hummingbird
Chrysuronia versicolor,Versicolored Emerald
Chionomesa fimbriata,Glittering-throated Emerald
Hylocharis sapphirina,Rufous-throated Sapphire
Chlorestes cyanus,White-chinned Sapphire
Chlorestes notata,Blue-chinned Sapphire
Opisthocomus hoazin,Hoatzin
Mustelirallus albicollis,Ash-throated Crake
Mustelirallus erythrops,Paint-billed Crake
Aramides cajaneus,Gray-cowled Wood-Rail
Gallinula galeata,Common Gallinule
Porphyrio martinica,Purple Gallinule
Porphyrio flavirostris,Azure Gallinule
Anurolimnas fasciatus,Black-banded Crake
Laterallus melanophaius,Rufous-sided Crake
Laterallus exilis,Gray-breasted Crake
Heliornis fulica,Sungrebe
Aramus guarauna,Limpkin
Psophia crepitans,Gray-winged Trumpeter
Psophia leucoptera,Pale-winged Trumpeter
Psophia viridis,Dark-winged Trumpeter
Himantopus mexicanus,Black-necked Stilt
Pluvialis squatarola,Black-bellied Plover
Pluvialis dominica,American Golden-Plover
Charadrius semipalmatus,Semipalmated Plover
Vanellus chilensis,Southern Lapwing
Jacana jacana,Wattled Jacana
Bartramia longicauda,Upland Sandpiper
Limosa haemastica,Hudsonian Godwit
Gallinago paraguaiae,Pantanal Snipe
Actitis macularius,Spotted Sandpiper
Tringa solitaria,Solitary Sandpiper
Tringa flavipes,Lesser Yellowlegs
Tringa melanoleuca,Greater Yellowlegs
Arenaria interpres,Ruddy Turnstone
Calidris himantopus,Stilt Sandpiper
Calidris subruficollis,Buff-breasted Sandpiper
Calidris alba,Sanderling
Calidris fuscicollis,White-rumped Sandpiper
Calidris minutilla,Least Sandpiper
Calidris melanotos,Pectoral Sandpiper
Calidris pusilla,Semipalmated Sandpiper
Rynchops niger,Black Skimmer
Sternula superciliaris,Yellow-billed Tern
Phaetusa simplex,Large-billed Tern
Gelochelidon nilotica,Gull-billed Tern
Eurypyga helias,Sunbittern
Jabiru mycteria,Jabiru
Mycteria americana,Wood Stork
Anhinga anhinga,Anhinga
Nannopterum brasilianum,Neotropic Cormorant
Pelecanus occidentalis,Brown Pelican
Tigrisoma lineatum,Rufescent Tiger-Heron
Cochlearius cochlearius,Boat-billed Heron
Zebrilus undulatus,Zigzag Heron
Ixobrychus exilis,Least Bittern
Nycticorax nycticorax,Black-crowned Night Heron
Syrigma sibilatrix,Whistling Heron
Egretta caerulea,Little Blue Heron
Egretta thula,Snowy Egret
Butorides striata,Striated Heron
Bubulcus ibis,Western Cattle Egret
Ardea alba,Great Egret
Ardea cocoi,Cocoi Heron
Mesembrinibis cayennensis,Green Ibis
Theristicus caudatus,Buff-necked Ibis
Platalea ajaja,Roseate Spoonbill
Coragyps atratus,Black Vulture
Cathartes aura,Turkey Vulture
Pandion haliaetus,Osprey
Gampsonyx swainsonii,Pearl Kite
Chondrohierax uncinatus,Hook-billed Kite
Leptodon cayanensis,Gray-headed Kite
Elanoides forficatus,Swallow-tailed Kite
Morphnus guianensis,Crested Eagle
Harpia harpyja,Harpy Eagle
Spizaetus tyrannus,Black Hawk-Eagle
Spizaetus ornatus,Ornate Hawk-Eagle
Spizaetus melanoleucus,Black-and-white Hawk-Eagle
Busarellus nigricollis,Black-collared Hawk
Rostrhamus sociabilis,Snail Kite
Helicolestes hamatus,Slender-billed Kite
Harpagus bidentatus,Double-toothed Kite
Harpagus diodon,Rufous-thighed Kite
Ictinia mississippiensis,Mississippi Kite
Ictinia plumbea,Plumbeous Kite
Accipiter poliogaster,Gray-bellied Hawk
Accipiter bicolor,Bicolored Hawk
Geranospiza caerulescens,Crane Hawk
Buteogallus schistaceus,Slate-colored Hawk
Buteogallus meridionalis,Savanna Hawk
Buteogallus urubitinga,Great Black Hawk
Rupornis magnirostris,Roadside Hawk
Geranoaetus albicaudatus,White-tailed Hawk
Pseudastur albicollis,White Hawk
Leucopternis melanops,Black-faced Hawk
Leucopternis kuhli,White-browed Hawk
Buteo nitidus,Gray-lined Hawk
Buteo platypterus,Broad-winged Hawk
Buteo brachyurus,Short-tailed Hawk
Buteo swainsoni,Swainson's Hawk
Buteo albonotatus,Zone-tailed Hawk
Tyto alba,Barn Owl
Megascops choliba,Tropical Screech-Owl
Megascops watsonii,Tawny-bellied Screech-Owl
Lophostrix cristata,Crested Owl
Pulsatrix perspicillata,Spectacled Owl
Bubo virginianus,Great Horned Owl
Glaucidium hardyi,Amazonian Pygmy-Owl
Glaucidium brasilianum,Ferruginous Pygmy-Owl
Athene cunicularia,Burrowing Owl
Asio clamator,Striped Owl
Asio stygius,Stygian Owl
Pharomachrus pavoninus,Pavonine Quetzal
Trogon melanurus,Black-tailed Trogon
Trogon viridis,Green-backed Trogon
Trogon violaceus,Guianan Trogon
Trogon ramonianus,Amazonian Trogon
Trogon curucui,Blue-crowned Trogon
Trogon rufus,Amazonian Black-throated Trogon
Trogon collaris,Collared Trogon
Momotus momota,Amazonian Motmot
Baryphthengus martii,Rufous Motmot
Electron platyrhynchum,Broad-billed Motmot
Megaceryle torquata,Ringed Kingfisher
Chloroceryle amazona,Amazon Kingfisher
Chloroceryle aenea,American Pygmy Kingfisher
Chloroceryle americana,Green Kingfisher
Chloroceryle inda,Green-and-rufous Kingfisher
Notharchus hyperrhynchus,White-necked Puffbird
Notharchus macrorhynchos,Guianan Puffbird
Notharchus ordii,Brown-banded Puffbird
Notharchus tectus,Pied Puffbird
Bucco macrodactylus,Chestnut-capped Puffbird
Bucco tamatia,Spotted Puffbird
Bucco capensis,Collared Puffbird
Nystalus obamai,Western Striolated-Puffbird
Nystalus striolatus,Eastern Striolated-Puffbird
Nystalus chacuru,White-eared Puffbird
Malacoptila fusca,White-chested Puffbird
Malacoptila semicincta,Semicollared Puffbird
Malacoptila rufa,Rufous-necked Puffbird
Micromonacha lanceolata,Lanceolated Monklet
Nonnula rubecula,Rusty-breasted Nunlet
Nonnula ruficapilla,Rufous-capped Nunlet
Monasa atra,Black Nunbird
Monasa nigrifrons,Black-fronted Nunbird
Monasa morphoeus,White-fronted Nunbird
Monasa flavirostris,Yellow-billed Nunbird
Chelidoptera tenebrosa,Swallow-winged Puffbird
Galbalcyrhynchus leucotis,White-eared Jacamar
Galbalcyrhynchus purusianus,Purus Jacamar
Brachygalba lugubris,Brown Jacamar
Galbula albirostris,Yellow-billed Jacamar
Galbula cyanicollis,Blue-cheeked Jacamar
Galbula ruficauda,Rufous-tailed Jacamar
Galbula galbula,Green-tailed Jacamar
Galbula tombacea,White-chinned Jacamar
Galbula cyanescens,Bluish-fronted Jacamar
Galbula chalcothorax,Purplish Jacamar
Galbula leucogastra,Bronzy Jacamar
Galbula dea,Paradise Jacamar
Jacamerops aureus,Great Jacamar
Capito aurovirens,Scarlet-crowned Barbet
Capito dayi,Black-girdled Barbet
Capito niger,Black-spotted Barbet
Capito auratus,Gilded Barbet
Eubucco richardsoni,Lemon-throated Barbet
Pteroglossus inscriptus,Lettered Aracari
Pteroglossus aracari,Black-necked Aracari
Pteroglossus castanotis,Chestnut-eared Aracari
Pteroglossus pluricinctus,Many-banded Aracari
Pteroglossus azara,Ivory-billed Aracari
Pteroglossus beauharnaisii,Curl-crested Aracari
Pteroglossus bitorquatus,Red-necked Aracari
Selenidera piperivora,Guianan Toucanet
Selenidera reinwardtii,Golden-collared Toucanet
Selenidera gouldii,Gould's Toucanet
Ramphastos toco,Toco Toucan
Ramphastos tucanus,White-throated Toucan
Ramphastos vitellinus,Channel-billed Toucan
Picumnus aurifrons,Bar-breasted Piculet
Picumnus lafresnayi,Lafresnaye's Piculet
Picumnus exilis,Golden-spangled Piculet
Melanerpes candidus,White Woodpecker
Melanerpes cruentatus,Yellow-tufted Woodpecker
Dryobates cassini,Golden-collared Woodpecker
Dryobates passerinus,Little Woodpecker
Dryobates affinis,Red-stained Woodpecker
Campephilus rubricollis,Red-necked Woodpecker
Campephilus melanoleucos,Crimson-crested Woodpecker
Dryocopus lineatus,Lineated Woodpecker
Celeus torquatus,Ringed Woodpecker
Celeus undatus,Waved Woodpecker
Celeus flavus,Cream-colored Woodpecker
Celeus spectabilis,Rufous-headed Woodpecker
Celeus elegans,Chestnut Woodpecker
Piculus leucolaemus,White-throated Woodpecker
Piculus flavigula,Yellow-throated Woodpecker
Piculus chrysochloros,Golden-green Woodpecker
Colaptes punctigula,Spot-breasted Woodpecker
Herpetotheres cachinnans,Laughing Falcon
Micrastur buckleyi,Buckley's Forest-Falcon
Micrastur semitorquatus,Collared Forest-Falcon
Micrastur mirandollei,Slaty-backed Forest-Falcon
Micrastur ruficollis,Barred Forest-Falcon
Micrastur mintoni,Cryptic Forest-Falcon
Micrastur gilvicollis,Lined Forest-Falcon
Caracara plancus,Crested Caracara
Ibycter americanus,Red-throated Caracara
Daptrius ater,Black Caracara
Falco sparverius,American Kestrel
Falco femoralis,Aplomado Falcon
Falco rufigularis,Bat Falcon
Falco deiroleucus,Orange-breasted Falcon
Falco peregrinus,Peregrine Falcon
Touit huetii,Scarlet-shouldered Parrotlet
Touit purpuratus,Sapphire-rumped Parrotlet
Brotogeris sanctithomae,Tui Parakeet
Brotogeris versicolurus,White-winged Parakeet
Brotogeris chiriri,Yellow-chevroned Parakeet
Brotogeris cyanoptera,Cobalt-winged Parakeet
Brotogeris chrysoptera,Golden-winged Parakeet
Pyrilia barrabandi,Orange-cheeked Parrot
Pyrilia caica,Caica Parrot
Pionus fuscus,Dusky Parrot
Pionus menstruus,Blue-headed Parrot
Graydidascalus brachyurus,Short-tailed Parrot
Amazona festiva,Festive Parrot
Amazona autumnalis,Red-lored Parrot
Amazona ochrocephala,Yellow-crowned Parrot
Amazona farinosa,Mealy Parrot
Amazona kawalli,Kawall's Parrot
Amazona amazonica,Orange-winged Parrot
Forpus modestus,Dusky-billed Parrotlet
Forpus passerinus,Green-rumped Parrotlet
Pionites melanocephalus,Black-headed Parrot
Pionites leucogaster,White-bellied Parrot
Deroptyus accipitrinus,Red-fan Parrot
Pyrrhura perlata,Crimson-bellied Parakeet
Pyrrhura picta,Painted Parakeet
Pyrrhura amazonum,Santarem Parakeet
Pyrrhura roseifrons,Rose-fronted Parakeet
Pyrrhura melanura,Maroon-tailed Parakeet
Eupsittula aurea,Peach-fronted Parakeet
Eupsittula pertinax,Brown-throated Parakeet
Aratinga weddellii,Dusky-headed Parakeet
Orthopsittaca manilatus,Red-bellied Macaw
Primolius couloni,Blue-headed Macaw
Ara ararauna,Blue-and-yellow Macaw
Ara severus,Chestnut-fronted Macaw
Ara macao,Scarlet Macaw
Ara chloropterus,Red-and-green Macaw
Guaruba guarouba,Golden Parakeet
Diopsittaca nobilis,Red-shouldered Macaw
Psittacara leucophthalmus,White-eyed Parakeet
Euchrepomis humeralis,Chestnut-shouldered Antwren
Euchrepomis spodioptila,Ash-winged Antwren
Cymbilaimus lineatus,Fasciated Antshrike
Cymbilaimus sanctaemariae,Bamboo Antshrike
Frederickena viridis,Black-throated Antshrike
Frederickena unduliger,Undulated Antshrike
Taraba major,Great Antshrike
Sakesphorus canadensis,Black-crested Antshrike
Sakesphorus luctuosus,Glossy Antshrike
Thamnophilus doliatus,Barred Antshrike
Thamnophilus palliatus,Chestnut-backed Antshrike
Thamnophilus schistaceus,Plain-winged Antshrike
Thamnophilus murinus,Mouse-colored Antshrike
Thamnophilus cryptoleucus,Castelnau's Antshrike
Thamnophilus nigrocinereus,Blackish-gray Antshrike
Thamnophilus punctatus,Northern Slaty-Antshrike
Thamnophilus stictocephalus,Natterer's Slaty-Antshrike
Thamnophilus aethiops,White-shouldered Antshrike
Thamnophilus amazonicus,Amazonian Antshrike
Megastictus margaritatus,Pearly Antshrike
Neoctantes niger,Black Bushbird
Thamnomanes ardesiacus,Dusky-throated Antshrike
Thamnomanes saturninus,Saturnine Antshrike
Thamnomanes caesius,Cinereous Antshrike
Thamnomanes schistogynus,Bluish-slate Antshrike
Isleria hauxwelli,Plain-throated Antwren
Isleria guttata,Rufous-bellied Antwren
Pygiptila stellaris,Spot-winged Antshrike
Epinecrophylla gutturalis,Brown-bellied Stipplethroat
Epinecrophylla leucophthalma,White-eyed Stipplethroat
Epinecrophylla haematonota,Rufous-backed Stipplethroat
Epinecrophylla amazonica,Rio Madeira Stipplethroat
Epinecrophylla ornata,Ornate Stipplethroat
Epinecrophylla erythrura,Rufous-tailed Stipplethroat
Myrmotherula brachyura,Pygmy Antwren
Myrmotherula ignota,Moustached Antwren
Myrmotherula ambigua,Yellow-throated Antwren
Myrmotherula sclateri,Sclater's Antwren
Myrmotherula multostriata,Amazonian Streaked-Antwren
Myrmotherula cherriei,Cherrie's Antwren
Myrmotherula klagesi,Klages's Antwren
Myrmotherula axillaris,White-flanked Antwren
Myrmotherula longipennis,Long-winged Antwren
Myrmotherula iheringi,Ihering's Antwren
Myrmotherula menetriesii,Gray Antwren
Myrmotherula assimilis,Leaden Antwren
Dichrozona cincta,Banded Antbird
Herpsilochmus dorsimaculatus,Spot-backed Antwren
Herpsilochmus frater,Rusty-winged Antwren
Microrhopias quixensis,Dot-winged Antwren
Formicivora grisea,Southern White-fringed Antwren
Formicivora rufa,Rusty-backed Antwren
Drymophila devillei,Striated Antbird
Hypocnemis cantator,Guianan Warbling-Antbird
Hypocnemis flavescens,Imeri Warbling-Antbird
Hypocnemis peruviana,Peruvian Warbling-Antbird
Hypocnemis striata,Spix's Warbling-Antbird
Hypocnemis hypoxantha,Yellow-browed Antbird
Cercomacroides laeta,Willis's Antbird
Cercomacroides tyrannina,Dusky Antbird
Cercomacroides serva,Black Antbird
Cercomacroides nigrescens,Blackish Antbird
Cercomacroides fuscicauda,Riparian Antbird
Cercomacra manu,Manu Antbird
Cercomacra cinerascens,Gray Antbird
Myrmoborus leucophrys,White-browed Antbird
Myrmoborus lugubris,Ash-breasted Antbird
Myrmoborus myotherinus,Black-faced Antbird
Myrmoborus melanurus,Black-tailed Antbird
Hypocnemoides melanopogon,Black-chinned Antbird
Hypocnemoides maculicauda,Band-tailed Antbird
Myrmochanes hemileucus,Black-and-white Antbird
Sclateria naevia,Silvered Antbird
Percnostola rufifrons,Black-headed Antbird
Myrmelastes schistaceus,Slate-colored Antbird
Myrmelastes hyperythrus,Plumbeous Antbird
Myrmelastes leucostigma,Spot-winged Antbird
Myrmelastes humaythae,Humaita Antbird
Myrmelastes rufifacies,Rufous-faced Antbird
Myrmeciza longipes,White-bellied Antbird
Sciaphylax hemimelaena,Chestnut-tailed Antbird
Myrmoderus ferrugineus,Ferruginous-backed Antbird
Akletos melanoceps,White-shouldered Antbird
Akletos goeldii,Goeldi's Antbird
Hafferia fortis,Sooty Antbird
Myrmophylax atrothorax,Black-throated Antbird
Ammonastes pelzelni,Gray-bellied Antbird
Myrmornis torquata,Wing-banded Antbird
Pithys albifrons,White-plumed Antbird
Gymnopithys leucaspis,White-cheeked Antbird
Gymnopithys rufigula,Rufous-throated Antbird
Oneillornis salvini,White-throated Antbird
Rhegmatorhina gymnops,Bare-eyed Antbird
Rhegmatorhina hoffmannsi,White-breasted Antbird
Rhegmatorhina cristata,Chestnut-crested Antbird
Rhegmatorhina melanosticta,Hairy-crested Antbird
Hylophylax naevius,Spot-backed Antbird
Hylophylax punctulatus,Dot-backed Antbird
Willisornis poecilinotus,Common Scale-backed Antbird
Willisornis vidua,Xingu Scale-backed Antbird
Phlegopsis nigromaculata,Black-spotted Bare-eye
Phlegopsis erythroptera,Reddish-winged Bare-eye
Conopophaga melanogaster,Black-bellied Gnateater
Conopophaga aurita,Chestnut-belted Gnateater
Conopophaga peruviana,Ash-throated Gnateater
Grallaria varia,Variegated Antpitta
Hylopezus macularius,Spotted Antpitta
Hylopezus whittakeri,Alta Floresta Antpitta
Myrmothera campanisona,Thrush-like Antpitta
Myrmothera subcanescens,Tapajos Antpitta
Liosceles thoracicus,Rusty-belted Tapaculo
Formicarius colma,Rufous-capped Antthrush
Formicarius analis,Black-faced Antthrush
Chamaeza nobilis,Striated Antthrush
Sclerurus obscurior,South American Leaftosser
Sclerurus rufigularis,Short-billed Leaftosser
Sclerurus caudacutus,Black-tailed Leaftosser
Certhiasomus stictolaemus,Spot-throated Woodcreeper
Sittasomus griseicapillus,Olivaceous Woodcreeper
Deconychura longicauda,Long-tailed Woodcreeper
Dendrocincla merula,White-chinned Woodcreeper
Dendrocincla fuliginosa,Plain-brown Woodcreeper
Glyphorynchus spirurus,Wedge-billed Woodcreeper
Dendrexetastes rufigula,Cinnamon-throated Woodcreeper
Nasica longirostris,Long-billed Woodcreeper
Dendrocolaptes certhia,Amazonian Barred-Woodcreeper
Dendrocolaptes picumnus,Black-banded Woodcreeper
Hylexetastes stresemanni,Bar-bellied Woodcreeper
Hylexetastes perrotii,Red-billed Woodcreeper
Hylexetastes uniformis,Uniform Woodcreeper
Xiphocolaptes promeropirhynchus,Strong-billed Woodcreeper
Xiphorhynchus obsoletus,Striped Woodcreeper
Xiphorhynchus pardalotus,Chestnut-rumped Woodcreeper
Xiphorhynchus ocellatus,Ocellated Woodcreeper
Xiphorhynchus elegans,Elegant Woodcreeper
Xiphorhynchus guttatus,Buff-throated Woodcreeper
Dendroplex picus,Straight-billed Woodcreeper
Campylorhamphus trochilirostris,Red-billed Scythebill
Campylorhamphus procurvoides,Curve-billed Scythebill
Lepidocolaptes duidae,Duida Woodcreeper
Lepidocolaptes albolineatus,Guianan Woodcreeper
Lepidocolaptes fatimalimae,Inambari Woodcreeper
Lepidocolaptes fuscicapillus,Dusky-capped Woodcreeper
Xenops tenuirostris,Slender-billed Xenops
Xenops minutus,Plain Xenops
Xenops rutilans,Streaked Xenops
Berlepschia rikeri,Point-tailed Palmcreeper
Microxenops milleri,Rufous-tailed Xenops
Furnarius figulus,Wing-banded Hornero
Furnarius leucopus,Pale-legged Hornero
Furnarius minor,Lesser Hornero
Anabazenops dorsalis,Dusky-cheeked Foliage-gleaner
Philydor erythrocercum,Rufous-rumped Foliage-gleaner
Philydor pyrrhodes,Cinnamon-rumped Foliage-gleaner
Anabacerthia ruficaudata,Rufous-tailed Foliage-gleaner
Ancistrops strigilatus,Chestnut-winged Hookbill
Dendroma erythroptera,Chestnut-winged Foliage-gleaner
Clibanornis rubiginosus,Ruddy Foliage-gleaner
Automolus rufipileatus,Chestnut-crowned Foliage-gleaner
Automolus ochrolaemus,Ochre-throated Foliage-gleaner
Automolus subulatus,Eastern Woodhaunter
Automolus infuscatus,Olive-backed Foliage-gleaner
Automolus paraensis,Para Foliage-gleaner
Metopothrix aurantiaca,Orange-fronted Plushcrown
Thripophaga fusciceps,Plain Softtail
Cranioleuca vulpina,Rusty-backed Spinetail
Cranioleuca vulpecula,Parker's Spinetail
Certhiaxis cinnamomeus,Yellow-chinned Spinetail
Certhiaxis mustelinus,Red-and-white Spinetail
Mazaria propinqua,White-bellied Spinetail
Synallaxis gujanensis,Plain-crowned Spinetail
Synallaxis hypospodia,Cinereous-breasted Spinetail
Synallaxis albigularis,Dark-breasted Spinetail
Synallaxis albescens,Pale-breasted Spinetail
Synallaxis rutilans,Ruddy Spinetail
Tyranneutes stolzmanni,Dwarf Tyrant-Manakin
Tyranneutes virescens,Tiny Tyrant-Manakin
Neopelma chrysocephalum,Saffron-crested Tyrant-Manakin
Chiroxiphia pareola,Blue-backed Manakin
Corapipo gutturalis,White-throated Manakin
Xenopipo atronitens,Black Manakin
Lepidothrix coronata,Blue-capped Manakin
Lepidothrix nattereri,Snow-capped Manakin
Lepidothrix serena,White-fronted Manakin
Heterocercus aurantiivertex,Orange-crowned Manakin
Heterocercus flavivertex,Yellow-crowned Manakin
Heterocercus linteatus,Flame-crowned Manakin
Manacus manacus,White-bearded Manakin
Pipra aureola,Crimson-hooded Manakin
Pipra filicauda,Wire-tailed Manakin
Pipra fasciicauda,Band-tailed Manakin
Machaeropterus striolatus,Striolated Manakin
Machaeropterus pyrocephalus,Fiery-capped Manakin
Pseudopipra pipra,White-crowned Manakin
Ceratopipra erythrocephala,Golden-headed Manakin
Ceratopipra rubrocapilla,Red-headed Manakin
Phoenicircus carnifex,Guianan Red-Cotinga
Phoenicircus nigricollis,Black-necked Red-Cotinga
Rupicola rupicola,Guianan Cock-of-the-rock
Querula purpurata,Purple-throated Fruitcrow
Perissocephalus tricolor,Capuchinbird
Lipaugus vociferans,Screaming Piha
Xipholena punicea,Pompadour Cotinga
Tityra cayana,Black-tailed Tityra
Tityra inquisitor,Black-crowned Tityra
Tityra semifasciata,Masked Tityra
Schiffornis major,Varzea Schiffornis
Schiffornis olivacea,Olivaceous Schiffornis
Schiffornis turdina,Brown-winged Schiffornis
Laniocera hypopyrra,Cinereous Mourner
Iodopleura isabellae,White-browed Purpletuft
Xenopsaris albinucha,White-naped Xenopsaris
Pachyramphus rufus,Cinereous Becard
Pachyramphus castaneus,Chestnut-crowned Becard
Pachyramphus polychopterus,White-winged Becard
Pachyramphus marginatus,Black-capped Becard
Pachyramphus surinamus,Glossy-backed Becard
Pachyramphus minor,Pink-throated Becard
Onychorhynchus coronatus,Tropical Royal Flycatcher
Terenotriccus erythrurus,Ruddy-tailed Flycatcher
Myiobius barbatus,Whiskered Flycatcher
Myiobius atricaudus,Black-tailed Flycatcher
Piprites chloris,Wing-barred Piprites
Neopipo cinnamomea,Cinnamon Manakin-Tyrant
Platyrinchus saturatus,Cinnamon-crested Spadebill
Platyrinchus coronatus,Golden-crowned Spadebill
Platyrinchus platyrhynchos,White-crested Spadebill
Mionectes oleagineus,Ochre-bellied Flycatcher
Mionectes macconnelli,McConnell's Flycatcher
Leptopogon amaurocephalus,Sepia-capped Flycatcher
Phylloscartes virescens,Olive-green Tyrannulet
Corythopis torquatus,Ringed Antpipit
Myiornis ecaudatus,Short-tailed Pygmy-Tyrant
Lophotriccus vitiosus,Double-banded Pygmy-Tyrant
Lophotriccus galeatus,Helmeted Pygmy-Tyrant
Hemitriccus minor,Snethlage's Tody-Tyrant
Hemitriccus zosterops,White-eyed Tody-Tyrant
Hemitriccus griseipectus,White-bellied Tody-Tyrant
Hemitriccus iohannis,Johannes's Tody-Tyrant
Hemitriccus striaticollis,Stripe-necked Tody-Tyrant
Hemitriccus inornatus,Pelzeln's Tody-Tyrant
Hemitriccus minimus,Zimmer's Tody-Tyrant
Poecilotriccus capitalis,Black-and-white Tody-Flycatcher
Poecilotriccus latirostris,Rusty-fronted Tody-Flycatcher
Todirostrum maculatum,Spotted Tody-Flycatcher
Todirostrum pictum,Painted Tody-Flycatcher
Todirostrum chrysocrotaphum,Yellow-browed Tody-Flycatcher
Cnipodectes subbrunneus,Brownish Twistwing
Rhynchocyclus olivaceus,Eastern Olivaceous Flatbill
Tolmomyias sulphurescens,Yellow-olive Flatbill
Tolmomyias assimilis,Yellow-margined Flatbill
Tolmomyias poliocephalus,Gray-crowned Flatbill
Tolmomyias flaviventris,Ochre-lored Flatbill
Ornithion inerme,White-lored Tyrannulet
Camptostoma obsoletum,Southern Beardless-Tyrannulet
Capsiempis flaveola,Yellow Tyrannulet
Culicivora caudacuta,Sharp-tailed Tyrant
Tyrannulus elatus,Yellow-crowned Tyrannulet
Myiopagis gaimardii,Forest Elaenia
Myiopagis caniceps,Gray-headed Elaenia
Myiopagis flavivertex,Yellow-crowned Elaenia
Myiopagis viridicata,Greenish Elaenia
Elaenia cristata,Plain-crested Elaenia
Elaenia ruficeps,Rufous-crowned Elaenia
Elaenia flavogaster,Yellow-bellied Elaenia
Elaenia parvirostris,Small-billed Elaenia
Elaenia spectabilis,Large Elaenia
Elaenia chiriquensis,Lesser Elaenia
Elaenia albiceps,White-crested Elaenia
Serpophaga hypoleuca,River Tyrannulet
Zimmerius acer,Guianan Tyrannulet
Zimmerius gracilipes,Slender-footed Tyrannulet
Stigmatura napensis,Lesser Wagtail-Tyrant
Inezia subflava,Amazonian Tyrannulet
Myiophobus fasciatus,Bran-colored Flycatcher
Lathrotriccus euleri,Euler's Flycatcher
Contopus cooperi,Olive-sided Flycatcher
Contopus virens,Eastern Wood-Pewee
Cnemotriccus fuscatus,Fuscous Flycatcher
Sublegatus obscurior,Amazonian Scrub-Flycatcher
Sublegatus modestus,Southern Scrub-Flycatcher
Pyrocephalus rubinus,Vermilion Flycatcher
Knipolegus orenocensis,Riverside Tyrant
Ochthornis littoralis,Drab Water Tyrant
Nengetus cinereus,Gray Monjita
Arundinicola leucocephala,White-headed Marsh Tyrant
Fluvicola pica,Pied Water-Tyrant
Fluvicola albiventer,Black-backed Water-Tyrant
Colonia colonus,Long-tailed Tyrant
Ramphotrigon megacephalum,Large-headed Flatbill
Ramphotrigon ruficauda,Rufous-tailed Flatbill
Ramphotrigon fuscicauda,Dusky-tailed Flatbill
Attila phoenicurus,Rufous-tailed Attila
Attila cinnamomeus,Cinnamon Attila
Attila citriniventris,Citron-bellied Attila
Attila bolivianus,Dull-capped Attila
Attila spadiceus,Bright-rumped Attila
Sirystes albocinereus,White-rumped Sirystes
Sirystes sibilator,Sibilant Sirystes
Casiornis rufus,Rufous Casiornis
Rhytipterna simplex,Grayish Mourner
Rhytipterna immunda,Pale-bellied Mourner
Myiarchus tuberculifer,Dusky-capped Flycatcher
Myiarchus swainsoni,Swainson's Flycatcher
Myiarchus ferox,Short-crested Flycatcher
Myiarchus tyrannulus,Brown-crested Flycatcher
Pitangus sulphuratus,Great Kiskadee
Megarynchus pitangua,Boat-billed Flycatcher
Myiozetetes cayanensis,Rusty-margined Flycatcher
Myiozetetes similis,Social Flycatcher
Myiozetetes granadensis,Gray-capped Flycatcher
Myiozetetes luteiventris,Dusky-chested Flycatcher
Conopias parvus,Yellow-throated Flycatcher
Conopias trivirgatus,Three-striped Flycatcher
Myiodynastes maculatus,Streaked Flycatcher
Legatus leucophaius,Piratic Flycatcher
Empidonomus varius,Variegated Flycatcher
Empidonomus aurantioatrocristatus,Crowned Slaty Flycatcher
Tyrannopsis sulphurea,Sulphury Flycatcher
Tyrannus albogularis,White-throated Kingbird
Tyrannus melancholicus,Tropical Kingbird
Tyrannus tyrannus,Eastern Kingbird
Tyrannus savana,Fork-tailed Flycatcher
Cyclarhis gujanensis,Rufous-browed Peppershrike
Hylophilus pectoralis,Ashy-headed Greenlet
Hylophilus semicinereus,Gray-chested Greenlet
Hylophilus brunneiceps,Brown-headed Greenlet
Hylophilus thoracicus,Lemon-chested Greenlet
Vireolanius leucotis,Slaty-capped Shrike-Vireo
Tunchiornis ochraceiceps,Tawny-crowned Greenlet
Pachysylvia hypoxantha,Dusky-capped Greenlet
Pachysylvia muscicapina,Buff-cheeked Greenlet
Vireo olivaceus,Red-eyed Vireo
Vireo chivi,Chivi Vireo
Vireo flavoviridis,Yellow-green Vireo
Vireo altiloquus,Black-whiskered Vireo
Cyanocorax violaceus,Violaceous Jay
Cyanocorax cayanus,Cayenne Jay
Cyanocorax chrysops,Plush-crested Jay
Donacobius atricapilla,Black-capped Donacobius
Riparia riparia,Bank Swallow
Tachycineta albiventer,White-winged Swallow
Progne subis,Purple Martin
Progne chalybea,Gray-breasted Martin
Progne elegans,Southern Martin
Progne tapera,Brown-chested Martin
Stelgidopteryx ruficollis,Southern Rough-winged Swallow
Atticora tibialis,White-thighed Swallow
Atticora fasciata,White-banded Swallow
Pygochelidon cyanoleuca,Blue-and-white Swallow
Alopochelidon fucata,Tawny-headed Swallow
Hirundo rustica,Barn Swallow
Petrochelidon pyrrhonota,Cliff Swallow
Microbates collaris,Collared Gnatwren
Ramphocaenus melanurus,Long-billed Gnatwren
Polioptila plumbea,Tropical Gnatcatcher
Microcerculus marginatus,Scaly-breasted Wren
Microcerculus bambla,Wing-banded Wren
Odontorchilus cinereus,Tooth-billed Wren
Troglodytes aedon,House Wren
Campylorhynchus turdinus,Thrush-like Wren
Pheugopedius genibarbis,Moustached Wren
Pheugopedius coraya,Coraya Wren
Cantorchilus leucotis,Buff-breasted Wren
Henicorhina leucosticta,White-breasted Wood-Wren
Cyphorhinus arada,Musician Wren
Catharus fuscescens,Veery
Catharus minimus,Gray-cheeked Thrush
Turdus leucomelas,Pale-breasted Thrush
Turdus fumigatus,Cocoa Thrush
Turdus hauxwelli,Hauxwell's Thrush
Turdus albicollis,White-necked Thrush
Turdus sanchezorum,Varzea Thrush
Turdus lawrencii,Lawrence's Thrush
Turdus amaurochalinus,Creamy-bellied Thrush
Turdus ignobilis,Black-billed Thrush
Turdus olivater,Black-hooded Thrush
Estrilda astrild,Common Waxbill
Passer domesticus,House Sparrow
Euphonia plumbea,Plumbeous Euphonia
Euphonia chlorotica,Purple-throated Euphonia
Euphonia chrysopasta,Golden-bellied Euphonia
Euphonia minuta,White-vented Euphonia
Euphonia violacea,Violaceous Euphonia
Euphonia laniirostris,Thick-billed Euphonia
Euphonia xanthogaster,Orange-bellied Euphonia
Euphonia cayennensis,Golden-sided Euphonia
Euphonia rufiventris,Rufous-bellied Euphonia
Ammodramus humeralis,Grassland Sparrow
Ammodramus aurifrons,Yellow-browed Sparrow
Arremon taciturnus,Pectoral Sparrow
Zonotrichia capensis,Rufous-collared Sparrow
Dolichonyx oryzivorus,Bobolink
Leistes militaris,Red-breasted Meadowlark
Psarocolius angustifrons,Russet-backed Oropendola
Psarocolius viridis,Green Oropendola
Psarocolius decumanus,Crested Oropendola
Psarocolius bifasciatus,Olive Oropendola
Cacicus solitarius,Solitary Black Cacique
Cacicus cela,Yellow-rumped Cacique
Cacicus latirostris,Band-tailed Cacique
Cacicus haemorrhous,Red-rumped Cacique
Cacicus oseryi,Casqued Cacique
Icterus cayanensis,Epaulet Oriole
Icterus croconotus,Orange-backed Troupial
Molothrus bonariensis,Shiny Cowbird
Molothrus oryzivorus,Giant Cowbird
Lampropsar tanagrinus,Velvet-fronted Grackle
Gymnomystax mexicanus,Oriole Blackbird
Chrysomus icterocephalus,Yellow-hooded Blackbird
Leiothlypis peregrina,Tennessee Warbler
Geothlypis aequinoctialis,Masked Yellowthroat
Setophaga fusca,Blackburnian Warbler
Setophaga striata,Blackpoll Warbler
Myiothlypis fulvicauda,Buff-rumped Warbler
Myiothlypis rivularis,Riverbank Warbler
Lamprospiza melanoleuca,Red-billed Pied Tanager
Piranga rubra,Summer Tanager
Piranga olivacea,Scarlet Tanager
Habia rubica,Red-crowned Ant-Tanager
Periporphyrus erythromelas,Red-and-black Grosbeak
Caryothraustes canadensis,Yellow-green Grosbeak
Granatellus pelzelni,Rose-breasted Chat
Cyanoloxia rothschildii,Amazonian Grosbeak
Paroaria gularis,Red-capped Cardinal
Schistochlamys melanopis,Black-faced Tanager
Cissopis leverianus,Magpie Tanager
Nemosia pileata,Hooded Tanager
Thlypopsis sordida,Orange-headed Tanager
Eucometis penicillata,Gray-headed Tanager
Loriotus cristatus,Flame-crested Tanager
Loriotus luctuosus,White-shouldered Tanager
Tachyphonus surinamus,Fulvous-crested Tanager
Tachyphonus rufus,White-lined Tanager
Tachyphonus phoenicius,Red-shouldered Tanager
Lanio fulvus,Fulvous Shrike-Tanager
Lanio versicolor,White-winged Shrike-Tanager
Ramphocelus carbo,Silver-beaked Tanager
Ramphocelus nigrogularis,Masked Crimson Tanager
Cyanicterus cyanicterus,Blue-backed Tanager
Thraupis episcopus,Blue-gray Tanager
Thraupis palmarum,Palm Tanager
Ixothraupis varia,Dotted Tanager
Ixothraupis punctata,Spotted Tanager
Stilpnia cyanoptera,Black-headed Tanager
Stilpnia cayana,Burnished-buff Tanager
Stilpnia nigrocincta,Masked Tanager
Tangara mexicana,Turquoise Tanager
Tangara chilensis,Paradise Tanager
Tangara velia,Opal-rumped Tanager
Tangara gyrola,Bay-headed Tanager
Tangara schrankii,Green-and-gold Tanager
Tersina viridis,Swallow Tanager
Dacnis lineata,Black-faced Dacnis
Dacnis flaviventer,Yellow-bellied Dacnis
Dacnis cayana,Blue Dacnis
Cyanerpes caeruleus,Purple Honeycreeper
Cyanerpes cyaneus,Red-legged Honeycreeper
Chlorophanes spiza,Green Honeycreeper
Hemithraupis guira,Guira Tanager
Hemithraupis flavicollis,Yellow-backed Tanager
Conirostrum bicolor,Bicolored Conebill
Conirostrum margaritae,Pearly-breasted Conebill
Conirostrum speciosum,Chestnut-vented Conebill
Cypsnagra hirundinacea,White-rumped Tanager
Sicalis flaveola,Saffron Finch
Emberizoides herbicola,Wedge-tailed Grass-Finch
Volatinia jacarina,Blue-black Grassquit
Sporophila bouvronides,Lesson's Seedeater
Sporophila lineola,Lined Seedeater
Sporophila leucoptera,White-bellied Seedeater
Sporophila castaneiventris,Chestnut-bellied Seedeater
Sporophila minuta,Ruddy-breasted Seedeater
Sporophila bouvreuil,Copper Seedeater
Sporophila hypoxantha,Tawny-bellied Seedeater
Sporophila ruficollis,Dark-throated Seedeater
Sporophila angolensis,Chestnut-bellied Seed-Finch
Sporophila fringilloides,White-naped Seedeater
Sporophila nigricollis,Yellow-bellied Seedeater
Sporophila caerulescens,Double-collared Seedeater
Sporophila plumbea,Plumbeous Seedeater
Coryphaspiza melanotis,Black-masked Finch
Coryphospingus cucullatus,Red-crested Finch
Coereba flaveola,Bananaquit
Parkerthraustes humeralis,Yellow-shouldered Grosbeak
Saltator maximus,Buff-throated Saltator
Saltator coerulescens,Bluish-gray Saltator
Saltator grossus,Slate-colored Grosbeak